Tarih;Sepet İçeriği;Toplam Bakiye
2019-03-18;DENİZ PORTFÖY KISALI VADELİ BORÇLANMA ARAÇLARI FONU(577) : 0.98  ,  ;9800.0
2019-03-19;DENİZ PORTFÖY KISALI VADELİ BORÇLANMA ARAÇLARI FONU(577) : 1.0  ,  ;9805.384319542884
2019-03-20;GARANTİ PORTFÖY HİSSE SENEDİ FONU (HİSSE SENEDİ YOĞUN FON)(686) : 0.22571  ,  İSTANBUL PORTFÖY İKİNCİ DEĞİŞKEN FON(505) : 0.77429  ,  ;9810.875506188317
2019-03-21;İSTANBUL PORTFÖY İKİNCİ DEĞİŞKEN FON(505) : 1.0  ,  ;9727.203004627103
2019-03-22;DENİZ PORTFÖY KISALI VADELİ BORÇLANMA ARAÇLARI FONU(577) : 0.99  ,  ;9717.132309147282
2019-03-25;MÜKAFAT PORTFÖY KATILIM HİSSE SENEDİ FONU ( HİSSE SENEDİ YOĞUN FON )(843) : 0.90735  ,  ÜNLÜ PORTFÖY HİSSE SENEDİ FONU(HİSSE SENEDİ YOĞUN FON)(977) : 0.09265  ,  ;9732.329677568336
2019-03-26;MÜKAFAT PORTFÖY KATILIM HİSSE SENEDİ FONU ( HİSSE SENEDİ YOĞUN FON )(843) : 1.0  ,  ;9634.13895476997
2019-03-27;AZİMUT PYŞ BİRİNCİ HİSSE SENEDİ FONU (HİSSE SENEDİ YOĞUN FON)(692) : 0.27082  ,  ICBC TURKEY PORTFÖY HİSSE SENEDİ FONU(HİSSE SENEDİ YOĞUN FON)(765) : 0.21511  ,  MÜKAFAT PORTFÖY KATILIM HİSSE SENEDİ FONU ( HİSSE SENEDİ YOĞUN FON )(843) : 0.31423  ,  TEB PORTFÖY HİSSE SENEDİ FONU (HİSSE SENEDİ YOĞUN FON)(969) : 0.19984  ,  ;9551.836857531485
2019-03-28;ICBC TURKEY PORTFÖY HİSSE SENEDİ FONU(HİSSE SENEDİ YOĞUN FON)(765) : 0.46064  ,  MÜKAFAT PORTFÖY KATILIM HİSSE SENEDİ FONU ( HİSSE SENEDİ YOĞUN FON )(843) : 0.53936  ,  ;9109.762578614731
2019-03-29;MÜKAFAT PORTFÖY KATILIM HİSSE SENEDİ FONU ( HİSSE SENEDİ YOĞUN FON )(843) : 0.08517  ,  İŞ PORTFÖY BIST 30 ENDEKSİ HİSSE SENEDİ FONU (HİSSE SENEDİ YOĞUN FON)(934) : 0.87146  ,  ÜNLÜ PORTFÖY HİSSE SENEDİ FONU(HİSSE SENEDİ YOĞUN FON)(977) : 0.04336  ,  ;9246.317983431247
2019-04-01;MÜKAFAT PORTFÖY KATILIM HİSSE SENEDİ FONU ( HİSSE SENEDİ YOĞUN FON )(843) : 0.29548  ,  İŞ PORTFÖY BIST 30 ENDEKSİ HİSSE SENEDİ FONU (HİSSE SENEDİ YOĞUN FON)(934) : 0.32991  ,  ÜNLÜ PORTFÖY HİSSE SENEDİ FONU(HİSSE SENEDİ YOĞUN FON)(977) : 0.37461  ,  ;9407.912938546351
2019-04-02;İŞ PORTFÖY ELEKTRİKLİ ARAÇLAR KARMA FON(797) : 0.80645  ,  İSTANBUL PORTFÖY İKİNCİ DEĞİŞKEN FON(505) : 0.19355  ,  ;9438.98418572764
2019-04-03;İŞ PORTFÖY ELEKTRİKLİ ARAÇLAR KARMA FON(797) : 0.39809  ,  İSTANBUL PORTFÖY İKİNCİ DEĞİŞKEN FON(505) : 0.60191  ,  ;9459.71831533243
2019-04-04;AK PORTFÖY BİST 30 ENDEKSİ HİSSE SENEDİ FONU (HİSSE SENEDİ YOĞUN FON)(539) : 0.93349  ,  ÜNLÜ PORTFÖY HİSSE SENEDİ FONU(HİSSE SENEDİ YOĞUN FON)(977) : 0.06651  ,  ;9600.150467633304
2019-04-05;DENİZ PORTFÖY KISALI VADELİ BORÇLANMA ARAÇLARI FONU(577) : 1.0  ,  ;10014.766743794013
2019-04-08;GARANTİ PORTFÖY HİSSE SENEDİ FONU (HİSSE SENEDİ YOĞUN FON)(686) : 0.94815  ,  OYAK PORTFÖY BİRİNCİ HİSSE SENEDİ FONU (HİSSE SENEDİ YOĞUN FON)(853) : 0.05185  ,  ;10030.011476194513
2019-04-09;GARANTİ PORTFÖY HİSSE SENEDİ FONU (HİSSE SENEDİ YOĞUN FON)(686) : 0.93387  ,  OYAK PORTFÖY BİRİNCİ HİSSE SENEDİ FONU (HİSSE SENEDİ YOĞUN FON)(853) : 0.06613  ,  ;9897.307102936378
2019-04-10;DENİZ PORTFÖY KISALI VADELİ BORÇLANMA ARAÇLARI FONU(577) : 0.99  ,  ;10006.451639113824
2019-04-11;DENİZ PORTFÖY KISALI VADELİ BORÇLANMA ARAÇLARI FONU(577) : 0.99  ,  ;10011.290611578932
2019-04-12;ZİRAAT PORTFÖY ALTIN KATILIM FONU(919) : 0.13099  ,  İSTANBUL PORTFÖY İKİNCİ DEĞİŞKEN FON(505) : 0.86901  ,  ;10016.127219981927
2019-04-15;MÜKAFAT PORTFÖY KATILIM HİSSE SENEDİ FONU ( HİSSE SENEDİ YOĞUN FON )(843) : 1.0  ,  ;10012.790789323923
2019-04-16;DENİZ PORTFÖY KISALI VADELİ BORÇLANMA ARAÇLARI FONU(577) : 0.99  ,  ;10058.87900790276
2019-04-17;DENİZ PORTFÖY KISALI VADELİ BORÇLANMA ARAÇLARI FONU(577) : 0.99  ,  ;10063.70383055939
2019-04-18;DENİZ PORTFÖY KISALI VADELİ BORÇLANMA ARAÇLARI FONU(577) : 1.0  ,  ;10065.847151624557
2019-04-19;GARANTİ PORTFÖY HİSSE SENEDİ FONU (HİSSE SENEDİ YOĞUN FON)(686) : 0.69817  ,  OYAK PORTFÖY BİRİNCİ HİSSE SENEDİ FONU (HİSSE SENEDİ YOĞUN FON)(853) : 0.25047  ,  İSTANBUL PORTFÖY İKİNCİ DEĞİŞKEN FON(505) : 0.05136  ,  ;10071.258407035812
2019-04-22;DENİZ PORTFÖY KISALI VADELİ BORÇLANMA ARAÇLARI FONU(577) : 0.98  ,  ;10089.557377264895
2019-04-24;AK PORTFÖY BİST 30 ENDEKSİ HİSSE SENEDİ FONU (HİSSE SENEDİ YOĞUN FON)(539) : 1.0  ,  ;10099.097669314651
2019-04-25;AK PORTFÖY BİST 30 ENDEKSİ HİSSE SENEDİ FONU (HİSSE SENEDİ YOĞUN FON)(539) : 0.77177  ,  HSBC PORTFÖY ALTIN FONU(719) : 0.22823  ,  ;10115.709738681686
2019-04-26;AK PORTFÖY BİST 30 ENDEKSİ HİSSE SENEDİ FONU (HİSSE SENEDİ YOĞUN FON)(539) : 1.0  ,  ;9997.497837439761
2019-04-29;AK PORTFÖY BİST 30 ENDEKSİ HİSSE SENEDİ FONU (HİSSE SENEDİ YOĞUN FON)(539) : 0.76315  ,  MÜKAFAT PORTFÖY KATILIM HİSSE SENEDİ FONU ( HİSSE SENEDİ YOĞUN FON )(843) : 0.23685  ,  ;10027.800867742792
2019-04-30;MÜKAFAT PORTFÖY KATILIM HİSSE SENEDİ FONU ( HİSSE SENEDİ YOĞUN FON )(843) : 0.27765  ,  İŞ PORTFÖY BIST 30 ENDEKSİ HİSSE SENEDİ FONU (HİSSE SENEDİ YOĞUN FON)(934) : 0.72235  ,  ;10003.038103936404
2019-05-02;DENİZ PORTFÖY KISALI VADELİ BORÇLANMA ARAÇLARI FONU(577) : 0.99  ,  ;10091.392386715472
2019-05-03;DENİZ PORTFÖY KISALI VADELİ BORÇLANMA ARAÇLARI FONU(577) : 0.99  ,  ;10096.186317631216
2019-05-06;DENİZ PORTFÖY KISALI VADELİ BORÇLANMA ARAÇLARI FONU(577) : 0.99  ,  ;10111.093550758402
2019-05-07;MÜKAFAT PORTFÖY KATILIM HİSSE SENEDİ FONU ( HİSSE SENEDİ YOĞUN FON )(843) : 1.0  ,  ;10116.409557846411
2019-05-08;MÜKAFAT PORTFÖY KATILIM HİSSE SENEDİ FONU ( HİSSE SENEDİ YOĞUN FON )(843) : 1.0  ,  ;10116.01891938231
2019-05-09;ICBC TURKEY PORTFÖY HİSSE SENEDİ FONU(HİSSE SENEDİ YOĞUN FON)(765) : 0.76386  ,  MÜKAFAT PORTFÖY KATILIM HİSSE SENEDİ FONU ( HİSSE SENEDİ YOĞUN FON )(843) : 0.23614  ,  ;10120.166742751675
2019-05-10;AK PORTFÖY BİST 30 ENDEKSİ HİSSE SENEDİ FONU (HİSSE SENEDİ YOĞUN FON)(539) : 0.11014  ,  İŞ PORTFÖY BIST 30 ENDEKSİ HİSSE SENEDİ FONU (HİSSE SENEDİ YOĞUN FON)(934) : 0.88986  ,  ;10034.130587668922
2019-05-13;AK PORTFÖY BİST 30 ENDEKSİ HİSSE SENEDİ FONU (HİSSE SENEDİ YOĞUN FON)(539) : 0.70284  ,  İŞ PORTFÖY ELEKTRİKLİ ARAÇLAR KARMA FON(797) : 0.29716  ,  ;10013.335098884914
2019-05-14;İŞ PORTFÖY BIST 30 ENDEKSİ HİSSE SENEDİ FONU (HİSSE SENEDİ YOĞUN FON)(934) : 1.0  ,  ;9784.643589584568
2019-05-15;AK PORTFÖY AVRUPA YABANCI HİSSE SENEDİ FONU(520) : 0.18523  ,  İŞ PORTFÖY ELEKTRİKLİ ARAÇLAR KARMA FON(797) : 0.27218  ,  MÜKAFAT PORTFÖY KATILIM HİSSE SENEDİ FONU ( HİSSE SENEDİ YOĞUN FON )(843) : 0.08518  ,  İŞ PORTFÖY BIST 30 ENDEKSİ HİSSE SENEDİ FONU (HİSSE SENEDİ YOĞUN FON)(934) : 0.4574  ,  ;10007.16324827622
2019-05-16;İŞ PORTFÖY ELEKTRİKLİ ARAÇLAR KARMA FON(797) : 0.58491  ,  MÜKAFAT PORTFÖY KATILIM HİSSE SENEDİ FONU ( HİSSE SENEDİ YOĞUN FON )(843) : 0.41509  ,  ;9969.849139549257
2019-05-17;GARANTİ PORTFÖY HİSSE SENEDİ FONU (HİSSE SENEDİ YOĞUN FON)(686) : 0.36781  ,  OYAK PORTFÖY BİRİNCİ HİSSE SENEDİ FONU (HİSSE SENEDİ YOĞUN FON)(853) : 0.63219  ,  ;9991.545794625199
2019-05-20;AK PORTFÖY BİST 30 ENDEKSİ HİSSE SENEDİ FONU (HİSSE SENEDİ YOĞUN FON)(539) : 0.67883  ,  İŞ PORTFÖY BIST 30 ENDEKSİ HİSSE SENEDİ FONU (HİSSE SENEDİ YOĞUN FON)(934) : 0.32117  ,  ;9947.26005599769
2019-05-21;AK PORTFÖY BİST 30 ENDEKSİ HİSSE SENEDİ FONU (HİSSE SENEDİ YOĞUN FON)(539) : 0.68105  ,  MÜKAFAT PORTFÖY KATILIM HİSSE SENEDİ FONU ( HİSSE SENEDİ YOĞUN FON )(843) : 0.31895  ,  ;9950.633144238518
2019-05-22;AK PORTFÖY AVRUPA YABANCI HİSSE SENEDİ FONU(520) : 0.08436  ,  AK PORTFÖY BİST 30 ENDEKSİ HİSSE SENEDİ FONU (HİSSE SENEDİ YOĞUN FON)(539) : 0.76317  ,  İŞ PORTFÖY ELEKTRİKLİ ARAÇLAR KARMA FON(797) : 0.15247  ,  ;9806.135482809392
2019-05-23;AK PORTFÖY AVRUPA YABANCI HİSSE SENEDİ FONU(520) : 0.12716  ,  İŞ PORTFÖY ELEKTRİKLİ ARAÇLAR KARMA FON(797) : 0.13704  ,  İŞ PORTFÖY BIST 30 ENDEKSİ HİSSE SENEDİ FONU (HİSSE SENEDİ YOĞUN FON)(934) : 0.7358  ,  ;9677.52702735807
2019-05-24;İŞ PORTFÖY BIST 30 ENDEKSİ HİSSE SENEDİ FONU (HİSSE SENEDİ YOĞUN FON)(934) : 0.95479  ,  TEB PORTFÖY HİSSE SENEDİ FONU (HİSSE SENEDİ YOĞUN FON)(969) : 0.04521  ,  ;9723.920566779883
2019-05-27;MÜKAFAT PORTFÖY KATILIM HİSSE SENEDİ FONU ( HİSSE SENEDİ YOĞUN FON )(843) : 1.0  ,  ;9880.675387783747
2019-05-28;OYAK PORTFÖY BİRİNCİ HİSSE SENEDİ FONU (HİSSE SENEDİ YOĞUN FON)(853) : 0.25723  ,  İŞ PORTFÖY BIST 30 ENDEKSİ HİSSE SENEDİ FONU (HİSSE SENEDİ YOĞUN FON)(934) : 0.74277  ,  ;9906.249289103554
2019-05-29;OYAK PORTFÖY BİRİNCİ HİSSE SENEDİ FONU (HİSSE SENEDİ YOĞUN FON)(853) : 1.0  ,  ;10037.794634365524
2019-05-30;DENİZ PORTFÖY KISALI VADELİ BORÇLANMA ARAÇLARI FONU(577) : 0.99  ,  ;10063.62591090582
2019-05-31;GARANTİ PORTFÖY HİSSE SENEDİ FONU (HİSSE SENEDİ YOĞUN FON)(686) : 0.42167  ,  OYAK PORTFÖY BİRİNCİ HİSSE SENEDİ FONU (HİSSE SENEDİ YOĞUN FON)(853) : 0.57833  ,  ;10068.87511557178
2019-06-03;GARANTİ PORTFÖY HİSSE SENEDİ FONU (HİSSE SENEDİ YOĞUN FON)(686) : 0.26022  ,  OYAK PORTFÖY BİRİNCİ HİSSE SENEDİ FONU (HİSSE SENEDİ YOĞUN FON)(853) : 0.58562  ,  İŞ PORTFÖY BIST 30 ENDEKSİ HİSSE SENEDİ FONU (HİSSE SENEDİ YOĞUN FON)(934) : 0.15416  ,  ;10158.057286861791
2019-06-07;GARANTİ PORTFÖY HİSSE SENEDİ FONU (HİSSE SENEDİ YOĞUN FON)(686) : 0.11694  ,  OYAK PORTFÖY BİRİNCİ HİSSE SENEDİ FONU (HİSSE SENEDİ YOĞUN FON)(853) : 0.88306  ,  ;10142.700907753497
2019-06-10;GARANTİ PORTFÖY HİSSE SENEDİ FONU (HİSSE SENEDİ YOĞUN FON)(686) : 0.68356  ,  AZİMUT PYŞ BİRİNCİ HİSSE SENEDİ FONU (HİSSE SENEDİ YOĞUN FON)(692) : 0.10887  ,  OYAK PORTFÖY BİRİNCİ HİSSE SENEDİ FONU (HİSSE SENEDİ YOĞUN FON)(853) : 0.20757  ,  ;10528.153248379114
2019-06-11;GARANTİ PORTFÖY HİSSE SENEDİ FONU (HİSSE SENEDİ YOĞUN FON)(686) : 1.0  ,  ;10587.773053769786
2019-06-12;GARANTİ PORTFÖY HİSSE SENEDİ FONU (HİSSE SENEDİ YOĞUN FON)(686) : 0.84755  ,  OYAK PORTFÖY BİRİNCİ HİSSE SENEDİ FONU (HİSSE SENEDİ YOĞUN FON)(853) : 0.15245  ,  ;10451.789242253135
2019-06-13;DENİZ PORTFÖY KISALI VADELİ BORÇLANMA ARAÇLARI FONU(577) : 1.0  ,  ;10486.65833625346
2019-06-14;AK PORTFÖY BİST 30 ENDEKSİ HİSSE SENEDİ FONU (HİSSE SENEDİ YOĞUN FON)(539) : 0.32396  ,  MÜKAFAT PORTFÖY KATILIM HİSSE SENEDİ FONU ( HİSSE SENEDİ YOĞUN FON )(843) : 0.67604  ,  ;10491.920109471035
2019-06-17;DENİZ PORTFÖY KISALI VADELİ BORÇLANMA ARAÇLARI FONU(577) : 0.99  ,  ;10517.150188334415
2019-06-18;ICBC TURKEY PORTFÖY HİSSE SENEDİ FONU(HİSSE SENEDİ YOĞUN FON)(765) : 0.28211  ,  MÜKAFAT PORTFÖY KATILIM HİSSE SENEDİ FONU ( HİSSE SENEDİ YOĞUN FON )(843) : 0.71789  ,  ;10522.867624151078
2019-06-19;GARANTİ PORTFÖY HİSSE SENEDİ FONU (HİSSE SENEDİ YOĞUN FON)(686) : 0.53044  ,  ZİRAAT PORTFÖY ALTIN KATILIM FONU(919) : 0.46956  ,  ;10640.881438601606
2019-06-20;GARANTİ PORTFÖY HİSSE SENEDİ FONU (HİSSE SENEDİ YOĞUN FON)(686) : 0.37435  ,  OYAK PORTFÖY BİRİNCİ HİSSE SENEDİ FONU (HİSSE SENEDİ YOĞUN FON)(853) : 0.62565  ,  ;10622.49139277493
2019-06-21;GARANTİ PORTFÖY HİSSE SENEDİ FONU (HİSSE SENEDİ YOĞUN FON)(686) : 0.58811  ,  OYAK PORTFÖY BİRİNCİ HİSSE SENEDİ FONU (HİSSE SENEDİ YOĞUN FON)(853) : 0.41189  ,  ;10655.839737472526
2019-06-24;DENİZ PORTFÖY KISALI VADELİ BORÇLANMA ARAÇLARI FONU(577) : 0.9  ,  ZİRAAT PORTFÖY ALTIN KATILIM FONU(919) : 0.06  ,  İSTANBUL PORTFÖY İKİNCİ DEĞİŞKEN FON(505) : 0.03  ,  ;10619.839170199068
2019-06-25;GARANTİ PORTFÖY HİSSE SENEDİ FONU (HİSSE SENEDİ YOĞUN FON)(686) : 0.16207  ,  ZİRAAT PORTFÖY ALTIN KATILIM FONU(919) : 0.83793  ,  ;10627.63189549796
2019-06-26;OYAK PORTFÖY BİRİNCİ HİSSE SENEDİ FONU (HİSSE SENEDİ YOĞUN FON)(853) : 0.12  ,  ZİRAAT PORTFÖY ALTIN KATILIM FONU(919) : 0.86  ,  ;10823.144684156448
2019-06-27;GARANTİ PORTFÖY HİSSE SENEDİ FONU (HİSSE SENEDİ YOĞUN FON)(686) : 0.58344  ,  OYAK PORTFÖY BİRİNCİ HİSSE SENEDİ FONU (HİSSE SENEDİ YOĞUN FON)(853) : 0.0531  ,  ZİRAAT PORTFÖY ALTIN KATILIM FONU(919) : 0.36346  ,  ;10684.040385812823
2019-06-28;ZİRAAT PORTFÖY ALTIN KATILIM FONU(919) : 0.68452  ,  ACTUS PORTFÖY HİSSE SENEDİ FONU (HİSSE SENEDİ YOĞUN FON)(504) : 0.28238  ,  İSTANBUL PORTFÖY İKİNCİ DEĞİŞKEN FON(505) : 0.0331  ,  ;10723.570318407217
2019-07-01;DENİZ PORTFÖY KISALI VADELİ BORÇLANMA ARAÇLARI FONU(577) : 1.0  ,  ;10742.231618291036
2019-07-02;GARANTİ PORTFÖY HİSSE SENEDİ FONU (HİSSE SENEDİ YOĞUN FON)(686) : 0.65478  ,  OYAK PORTFÖY BİRİNCİ HİSSE SENEDİ FONU (HİSSE SENEDİ YOĞUN FON)(853) : 0.34522  ,  ;10747.961083367343
2019-07-03;GARANTİ PORTFÖY HİSSE SENEDİ FONU (HİSSE SENEDİ YOĞUN FON)(686) : 0.16303  ,  OYAK PORTFÖY BİRİNCİ HİSSE SENEDİ FONU (HİSSE SENEDİ YOĞUN FON)(853) : 0.83697  ,  ;10800.39185446194
2019-07-04;QİNVEST PORTFÖY HİSSE SENEDİ FONU (HİSSE YOĞUN FON)(621) : 0.43  ,  OYAK PORTFÖY BİRİNCİ HİSSE SENEDİ FONU (HİSSE SENEDİ YOĞUN FON)(853) : 0.55  ,  ;10724.93472548779
2019-07-05;ACTUS PORTFÖY HİSSE SENEDİ FONU (HİSSE SENEDİ YOĞUN FON)(504) : 0.11559  ,  İSTANBUL PORTFÖY İKİNCİ DEĞİŞKEN FON(505) : 0.88441  ,  ;10766.00443147987
2019-07-08;AK PORTFÖY AVRUPA YABANCI HİSSE SENEDİ FONU(520) : 0.45946  ,  MÜKAFAT PORTFÖY KATILIM HİSSE SENEDİ FONU ( HİSSE SENEDİ YOĞUN FON )(843) : 0.24796  ,  İŞ PORTFÖY YABANCI HİSSE SENEDİ FONU(949) : 0.29258  ,  ;10719.210212106142
2019-07-09;DENİZ PORTFÖY KISALI VADELİ BORÇLANMA ARAÇLARI FONU(577) : 1.0  ,  ;10845.953454338107
2019-07-10;MÜKAFAT PORTFÖY KATILIM HİSSE SENEDİ FONU ( HİSSE SENEDİ YOĞUN FON )(843) : 0.84387  ,  ALBARAKA PORTFÖY KATILIM HİSSE SENEDİ FONU (HİSSE SENEDİ YOĞUN FON)(894) : 0.15613  ,  ;10851.139100469614
2019-07-11;İŞ PORTFÖY BIST 30 ENDEKSİ HİSSE SENEDİ FONU (HİSSE SENEDİ YOĞUN FON)(934) : 0.98  ,  ;10931.811386199555
2019-07-12;MÜKAFAT PORTFÖY KATILIM HİSSE SENEDİ FONU ( HİSSE SENEDİ YOĞUN FON )(843) : 1.0  ,  ;11012.695637294872
2019-07-16;GARANTİ PORTFÖY HİSSE SENEDİ FONU (HİSSE SENEDİ YOĞUN FON)(686) : 0.73992  ,  AZİMUT PYŞ BİRİNCİ HİSSE SENEDİ FONU (HİSSE SENEDİ YOĞUN FON)(692) : 0.12508  ,  İŞ PORTFÖY ELEKTRİKLİ ARAÇLAR KARMA FON(797) : 0.04083  ,  ZİRAAT PORTFÖY ALTIN KATILIM FONU(919) : 0.04891  ,  ZİRAAT PORTFÖY KATILIM ENDEKSİ HİSSE SENEDİ FONU (HİSSE SENEDİ YOĞUN FON)(1021) : 0.04526  ,  ;10842.27577588469
2019-07-17;DENİZ PORTFÖY KISALI VADELİ BORÇLANMA ARAÇLARI FONU(577) : 0.99  ,  ;10942.157968175088
2019-07-18;QİNVEST PORTFÖY HİSSE SENEDİ FONU (HİSSE YOĞUN FON)(621) : 0.12597  ,  MÜKAFAT PORTFÖY KATILIM HİSSE SENEDİ FONU ( HİSSE SENEDİ YOĞUN FON )(843) : 0.87403  ,  ;10949.314102004084
2019-07-19;GARANTİ PORTFÖY HİSSE SENEDİ FONU (HİSSE SENEDİ YOĞUN FON)(686) : 0.84249  ,  ZİRAAT PORTFÖY KATILIM ENDEKSİ HİSSE SENEDİ FONU (HİSSE SENEDİ YOĞUN FON)(1021) : 0.15751  ,  ;11103.488637280658
2019-07-22;GARANTİ PORTFÖY HİSSE SENEDİ FONU (HİSSE SENEDİ YOĞUN FON)(686) : 0.41278  ,  AZİMUT PYŞ BİRİNCİ HİSSE SENEDİ FONU (HİSSE SENEDİ YOĞUN FON)(692) : 0.58722  ,  ;11165.320229387997
2019-07-23;AZİMUT PYŞ BİRİNCİ HİSSE SENEDİ FONU (HİSSE SENEDİ YOĞUN FON)(692) : 0.67767  ,  MÜKAFAT PORTFÖY KATILIM HİSSE SENEDİ FONU ( HİSSE SENEDİ YOĞUN FON )(843) : 0.12686  ,  ZİRAAT PORTFÖY ALTIN KATILIM FONU(919) : 0.19547  ,  ;11143.242637536323
2019-07-24;AZİMUT PYŞ BİRİNCİ HİSSE SENEDİ FONU (HİSSE SENEDİ YOĞUN FON)(692) : 0.33341  ,  ZİRAAT PORTFÖY KATILIM ENDEKSİ HİSSE SENEDİ FONU (HİSSE SENEDİ YOĞUN FON)(1021) : 0.66659  ,  ;11188.746929463457
2019-07-25;İŞ PORTFÖY ELEKTRİKLİ ARAÇLAR KARMA FON(797) : 0.72443  ,  ACTUS PORTFÖY HİSSE SENEDİ FONU (HİSSE SENEDİ YOĞUN FON)(504) : 0.24127  ,  İSTANBUL PORTFÖY İKİNCİ DEĞİŞKEN FON(505) : 0.0343  ,  ;11237.206357387737
2019-07-26;GARANTİ PORTFÖY HİSSE SENEDİ FONU (HİSSE SENEDİ YOĞUN FON)(686) : 0.9169  ,  OYAK PORTFÖY BİRİNCİ HİSSE SENEDİ FONU (HİSSE SENEDİ YOĞUN FON)(853) : 0.0831  ,  ;11169.035701531606
2019-07-29;GARANTİ PORTFÖY HİSSE SENEDİ FONU (HİSSE SENEDİ YOĞUN FON)(686) : 0.4471  ,  ZİRAAT PORTFÖY ALTIN KATILIM FONU(919) : 0.5529  ,  ;11227.113058716697
2019-07-30;HSBC PORTFÖY ALTIN FONU(719) : 0.267  ,  İŞ PORTFÖY ELEKTRİKLİ ARAÇLAR KARMA FON(797) : 0.20324  ,  İŞ PORTFÖY YABANCI HİSSE SENEDİ FONU(949) : 0.52975  ,  ;11220.013461624947
2019-07-31;DENİZ PORTFÖY KISALI VADELİ BORÇLANMA ARAÇLARI FONU(577) : 0.66  ,  QİNVEST PORTFÖY HİSSE SENEDİ FONU (HİSSE YOĞUN FON)(621) : 0.34  ,  ;11117.129231626173
2019-08-01;DENİZ PORTFÖY KISALI VADELİ BORÇLANMA ARAÇLARI FONU(577) : 1.0  ,  ;11133.939796155239
2019-08-02;AK PORTFÖY AVRUPA YABANCI HİSSE SENEDİ FONU(520) : 0.22652  ,  DENİZ PORTFÖY ALTIN FONU(573) : 0.26307  ,  İŞ PORTFÖY YABANCI HİSSE SENEDİ FONU(949) : 0.51041  ,  ;11139.058289270864
2019-08-05;AK PORTFÖY AVRUPA YABANCI HİSSE SENEDİ FONU(520) : 0.61065  ,  DENİZ PORTFÖY ALTIN FONU(573) : 0.07723  ,  İŞ PORTFÖY YABANCI HİSSE SENEDİ FONU(949) : 0.31212  ,  ;11074.207268115235
2019-08-06;AK PORTFÖY AVRUPA YABANCI HİSSE SENEDİ FONU(520) : 0.26  ,  İŞ PORTFÖY ELEKTRİKLİ ARAÇLAR KARMA FON(797) : 0.36  ,  İŞ PORTFÖY YABANCI HİSSE SENEDİ FONU(949) : 0.35  ,  ;10892.692220489727
2019-08-07;AK PORTFÖY AVRUPA YABANCI HİSSE SENEDİ FONU(520) : 0.03651  ,  İŞ PORTFÖY ELEKTRİKLİ ARAÇLAR KARMA FON(797) : 0.78769  ,  İŞ PORTFÖY BIST 30 ENDEKSİ HİSSE SENEDİ FONU (HİSSE SENEDİ YOĞUN FON)(934) : 0.1758  ,  ;10873.011630789408
2019-08-08;AK PORTFÖY AVRUPA YABANCI HİSSE SENEDİ FONU(520) : 0.39163  ,  İŞ PORTFÖY ELEKTRİKLİ ARAÇLAR KARMA FON(797) : 0.50509  ,  MÜKAFAT PORTFÖY KATILIM HİSSE SENEDİ FONU ( HİSSE SENEDİ YOĞUN FON )(843) : 0.05114  ,  İŞ PORTFÖY YABANCI HİSSE SENEDİ FONU(949) : 0.05214  ,  ;10732.492528398543
2019-08-09;AK PORTFÖY AVRUPA YABANCI HİSSE SENEDİ FONU(520) : 0.57  ,  ALBARAKA PORTFÖY KATILIM HİSSE SENEDİ FONU (HİSSE SENEDİ YOĞUN FON)(894) : 0.03  ,  İŞ PORTFÖY YABANCI HİSSE SENEDİ FONU(949) : 0.39  ,  ;10894.945824516793
2019-08-15;AK PORTFÖY AVRUPA YABANCI HİSSE SENEDİ FONU(520) : 0.38776  ,  İŞ PORTFÖY ELEKTRİKLİ ARAÇLAR KARMA FON(797) : 0.1801  ,  MÜKAFAT PORTFÖY KATILIM HİSSE SENEDİ FONU ( HİSSE SENEDİ YOĞUN FON )(843) : 0.21419  ,  İŞ PORTFÖY YABANCI HİSSE SENEDİ FONU(949) : 0.05725  ,  YAPI KREDİ PORTFÖY BIST 30 ENDEKSİ HİSSE SENEDİ FONU (HİSSE SENEDİ YOĞUN FON)(995) : 0.1607  ,  ;10815.793226351167
2019-08-16;ZİRAAT PORTFÖY ALTIN KATILIM FONU(919) : 0.76  ,  ACTUS PORTFÖY HİSSE SENEDİ FONU (HİSSE SENEDİ YOĞUN FON)(504) : 0.2  ,  ;10709.242769182705
2019-08-19;İŞ PORTFÖY ELEKTRİKLİ ARAÇLAR KARMA FON(797) : 0.45496  ,  YAPI KREDİ PORTFÖY BIST 30 ENDEKSİ HİSSE SENEDİ FONU (HİSSE SENEDİ YOĞUN FON)(995) : 0.54504  ,  ;10608.974024874435
2019-08-20;İŞ PORTFÖY BIST 30 ENDEKSİ HİSSE SENEDİ FONU (HİSSE SENEDİ YOĞUN FON)(934) : 0.87665  ,  TEB PORTFÖY HİSSE SENEDİ FONU (HİSSE SENEDİ YOĞUN FON)(969) : 0.12335  ,  ;10702.33287270681
2019-08-21;İŞ PORTFÖY BIST 30 ENDEKSİ HİSSE SENEDİ FONU (HİSSE SENEDİ YOĞUN FON)(934) : 1.0  ,  ;10767.989970137662
2019-08-22;DENİZ PORTFÖY KISALI VADELİ BORÇLANMA ARAÇLARI FONU(577) : 0.86169  ,  İŞ PORTFÖY ELEKTRİKLİ ARAÇLAR KARMA FON(797) : 0.04972  ,  ZİRAAT PORTFÖY ALTIN KATILIM FONU(919) : 0.08859  ,  ;10734.116041708163
2019-08-23;İŞ PORTFÖY ELEKTRİKLİ ARAÇLAR KARMA FON(797) : 0.17531  ,  ZİRAAT PORTFÖY ALTIN KATILIM FONU(919) : 0.79136  ,  İŞ PORTFÖY YABANCI HİSSE SENEDİ FONU(949) : 0.03333  ,  ;10740.481333481846
2019-08-26;DENİZ PORTFÖY KISALI VADELİ BORÇLANMA ARAÇLARI FONU(577) : 0.98  ,  ;10725.991321876962
2019-08-27;AK PORTFÖY AVRUPA YABANCI HİSSE SENEDİ FONU(520) : 0.07  ,  GARANTİ PORTFÖY HİSSE SENEDİ FONU (HİSSE SENEDİ YOĞUN FON)(686) : 0.1  ,  ZİRAAT PORTFÖY ALTIN KATILIM FONU(919) : 0.82  ,  ;10727.976735167076
2019-08-28;GARANTİ PORTFÖY HİSSE SENEDİ FONU (HİSSE SENEDİ YOĞUN FON)(686) : 0.13836  ,  MÜKAFAT PORTFÖY KATILIM HİSSE SENEDİ FONU ( HİSSE SENEDİ YOĞUN FON )(843) : 0.31667  ,  OYAK PORTFÖY BİRİNCİ HİSSE SENEDİ FONU (HİSSE SENEDİ YOĞUN FON)(853) : 0.03401  ,  ZİRAAT PORTFÖY ALTIN KATILIM FONU(919) : 0.39095  ,  TEB PORTFÖY ALTIN FONU(967) : 0.12  ,  ;10754.860208311735
2019-08-29;ZİRAAT PORTFÖY ALTIN KATILIM FONU(919) : 0.87  ,  ACTUS PORTFÖY HİSSE SENEDİ FONU (HİSSE SENEDİ YOĞUN FON)(504) : 0.12  ,  ;10791.737755654767
2019-09-02;DENİZ PORTFÖY KISALI VADELİ BORÇLANMA ARAÇLARI FONU(577) : 0.98  ,  ;10811.690937658585
2019-09-03;AK PORTFÖY AVRUPA YABANCI HİSSE SENEDİ FONU(520) : 0.33  ,  MÜKAFAT PORTFÖY KATILIM HİSSE SENEDİ FONU ( HİSSE SENEDİ YOĞUN FON )(843) : 0.11  ,  TEB PORTFÖY ALTIN FONU(967) : 0.35  ,  ACTUS PORTFÖY HİSSE SENEDİ FONU (HİSSE SENEDİ YOĞUN FON)(504) : 0.19  ,  ;10816.63968279821
2019-09-04;ICBC TURKEY PORTFÖY HİSSE SENEDİ FONU(HİSSE SENEDİ YOĞUN FON)(765) : 0.14233  ,  İŞ PORTFÖY ELEKTRİKLİ ARAÇLAR KARMA FON(797) : 0.28976  ,  İŞ PORTFÖY BIST 30 ENDEKSİ HİSSE SENEDİ FONU (HİSSE SENEDİ YOĞUN FON)(934) : 0.50917  ,  TEB PORTFÖY HİSSE SENEDİ FONU (HİSSE SENEDİ YOĞUN FON)(969) : 0.05874  ,  ;10776.233140861088
2019-09-05;OYAK PORTFÖY BİRİNCİ HİSSE SENEDİ FONU (HİSSE SENEDİ YOĞUN FON)(853) : 0.84559  ,  İŞ PORTFÖY BIST 30 ENDEKSİ HİSSE SENEDİ FONU (HİSSE SENEDİ YOĞUN FON)(934) : 0.15441  ,  ;10845.524502625469
2019-09-06;GARANTİ PORTFÖY HİSSE SENEDİ FONU (HİSSE SENEDİ YOĞUN FON)(686) : 0.10709  ,  İSTANBUL PORTFÖY İKİNCİ DEĞİŞKEN FON(505) : 0.89291  ,  ;10886.780369472996
2019-09-09;DENİZ PORTFÖY KISALI VADELİ BORÇLANMA ARAÇLARI FONU(577) : 1.0  ,  ;10807.412484138937
2019-09-10;QİNVEST PORTFÖY HİSSE SENEDİ FONU (HİSSE YOĞUN FON)(621) : 0.06  ,  İŞ PORTFÖY ELEKTRİKLİ ARAÇLAR KARMA FON(797) : 0.94  ,  ;10812.946796877917
2019-09-11;DENİZ PORTFÖY ALTIN FONU(573) : 0.71  ,  FİBA PORTFÖY ALTIN FONU(629) : 0.23  ,  HSBC PORTFÖY ALTIN FONU(719) : 0.06  ,  ;10939.37472229685
2019-09-12;İŞ PORTFÖY ELEKTRİKLİ ARAÇLAR KARMA FON(797) : 0.26633  ,  İŞ PORTFÖY BIST 30 ENDEKSİ HİSSE SENEDİ FONU (HİSSE SENEDİ YOĞUN FON)(934) : 0.73367  ,  ;10913.395208110644
2019-09-13;İŞ PORTFÖY ELEKTRİKLİ ARAÇLAR KARMA FON(797) : 0.72502  ,  MÜKAFAT PORTFÖY KATILIM HİSSE SENEDİ FONU ( HİSSE SENEDİ YOĞUN FON )(843) : 0.10568  ,  İŞ PORTFÖY BIST 30 ENDEKSİ HİSSE SENEDİ FONU (HİSSE SENEDİ YOĞUN FON)(934) : 0.1693  ,  ;10964.319453187643
2019-09-16;İŞ PORTFÖY ELEKTRİKLİ ARAÇLAR KARMA FON(797) : 0.68  ,  TEB PORTFÖY HİSSE SENEDİ FONU (HİSSE SENEDİ YOĞUN FON)(969) : 0.3  ,  ;11016.288720917126
2019-09-17;İŞ PORTFÖY ELEKTRİKLİ ARAÇLAR KARMA FON(797) : 0.57685  ,  TEB PORTFÖY HİSSE SENEDİ FONU (HİSSE SENEDİ YOĞUN FON)(969) : 0.42315  ,  ;10995.717906871949
2019-09-18;İŞ PORTFÖY ELEKTRİKLİ ARAÇLAR KARMA FON(797) : 0.62065  ,  MÜKAFAT PORTFÖY KATILIM HİSSE SENEDİ FONU ( HİSSE SENEDİ YOĞUN FON )(843) : 0.23465  ,  ACTUS PORTFÖY HİSSE SENEDİ FONU (HİSSE SENEDİ YOĞUN FON)(504) : 0.1447  ,  ;10896.364366423591
2019-09-19;İŞ PORTFÖY BIST 30 ENDEKSİ HİSSE SENEDİ FONU (HİSSE SENEDİ YOĞUN FON)(934) : 1.0  ,  ;10922.104262851637
2019-09-20;İŞ PORTFÖY BIST 30 ENDEKSİ HİSSE SENEDİ FONU (HİSSE SENEDİ YOĞUN FON)(934) : 1.0  ,  ;10754.187469382132
2019-09-23;AK PORTFÖY BİST 30 ENDEKSİ HİSSE SENEDİ FONU (HİSSE SENEDİ YOĞUN FON)(539) : 0.21356  ,  HSBC PORTFÖY ALTIN FONU(719) : 0.78644  ,  ;10744.537595922926
2019-09-24;MÜKAFAT PORTFÖY KATILIM HİSSE SENEDİ FONU ( HİSSE SENEDİ YOĞUN FON )(843) : 0.95026  ,  İŞ PORTFÖY BIST 30 ENDEKSİ HİSSE SENEDİ FONU (HİSSE SENEDİ YOĞUN FON)(934) : 0.04974  ,  ;10866.720214263269
2019-09-25;FİBA PORTFÖY ALTIN FONU(629) : 0.35514  ,  ICBC TURKEY PORTFÖY ALTIN FONU(761) : 0.19974  ,  ZİRAAT PORTFÖY ALTIN KATILIM FONU(919) : 0.44512  ,  ;10968.516928692823
2019-09-26;GARANTİ PORTFÖY HİSSE SENEDİ FONU (HİSSE SENEDİ YOĞUN FON)(686) : 0.15312  ,  ZİRAAT PORTFÖY ALTIN KATILIM FONU(919) : 0.84688  ,  ;11041.522945823823
2019-09-27;GARANTİ PORTFÖY HİSSE SENEDİ FONU (HİSSE SENEDİ YOĞUN FON)(686) : 0.35998  ,  OYAK PORTFÖY BİRİNCİ HİSSE SENEDİ FONU (HİSSE SENEDİ YOĞUN FON)(853) : 0.64002  ,  ;10927.285663320981
2019-09-30;İSTANBUL PORTFÖY İKİNCİ DEĞİŞKEN FON(505) : 1.0  ,  ;11238.681933999667
2019-10-01;HSBC PORTFÖY ALTIN FONU(719) : 1.0  ,  ;11295.49181749634
2019-10-02;MÜKAFAT PORTFÖY KATILIM HİSSE SENEDİ FONU ( HİSSE SENEDİ YOĞUN FON )(843) : 0.10266  ,  İŞ PORTFÖY BIST 30 ENDEKSİ HİSSE SENEDİ FONU (HİSSE SENEDİ YOĞUN FON)(934) : 0.33336  ,  TEB PORTFÖY HİSSE SENEDİ FONU (HİSSE SENEDİ YOĞUN FON)(969) : 0.56398  ,  ;11139.211036851737
2019-10-03;AK PORTFÖY AVRUPA YABANCI HİSSE SENEDİ FONU(520) : 0.09392  ,  HSBC PORTFÖY ALTIN FONU(719) : 0.49469  ,  İŞ PORTFÖY YABANCI HİSSE SENEDİ FONU(949) : 0.41139  ,  ;11104.402340564537
2019-10-04;AK PORTFÖY AVRUPA YABANCI HİSSE SENEDİ FONU(520) : 0.85407  ,  İŞ PORTFÖY BIST 30 ENDEKSİ HİSSE SENEDİ FONU (HİSSE SENEDİ YOĞUN FON)(934) : 0.14593  ,  ;11065.046023467126
2019-10-07;DENİZ PORTFÖY KISALI VADELİ BORÇLANMA ARAÇLARI FONU(577) : 0.9508  ,  ZİRAAT PORTFÖY ALTIN KATILIM FONU(919) : 0.0492  ,  ;11180.290066446332
2019-10-08;AK PORTFÖY AVRUPA YABANCI HİSSE SENEDİ FONU(520) : 0.16059  ,  İŞ PORTFÖY ELEKTRİKLİ ARAÇLAR KARMA FON(797) : 0.27398  ,  İŞ PORTFÖY YABANCI HİSSE SENEDİ FONU(949) : 0.56543  ,  ;11184.424314274862
2019-10-09;HSBC PORTFÖY ALTIN FONU(719) : 0.50234  ,  İŞ PORTFÖY ELEKTRİKLİ ARAÇLAR KARMA FON(797) : 0.34073  ,  MÜKAFAT PORTFÖY KATILIM HİSSE SENEDİ FONU ( HİSSE SENEDİ YOĞUN FON )(843) : 0.15694  ,  ;11275.180871819473
2019-10-10;QİNVEST PORTFÖY HİSSE SENEDİ FONU (HİSSE YOĞUN FON)(621) : 0.27651  ,  İŞ PORTFÖY BIST 30 ENDEKSİ HİSSE SENEDİ FONU (HİSSE SENEDİ YOĞUN FON)(934) : 0.72349  ,  ;11300.869323390796
2019-10-11;QİNVEST PORTFÖY HİSSE SENEDİ FONU (HİSSE YOĞUN FON)(621) : 0.39733  ,  MÜKAFAT PORTFÖY KATILIM HİSSE SENEDİ FONU ( HİSSE SENEDİ YOĞUN FON )(843) : 0.43921  ,  İŞ PORTFÖY BIST 30 ENDEKSİ HİSSE SENEDİ FONU (HİSSE SENEDİ YOĞUN FON)(934) : 0.16346  ,  ;11226.391213815441
2019-10-14;MÜKAFAT PORTFÖY KATILIM HİSSE SENEDİ FONU ( HİSSE SENEDİ YOĞUN FON )(843) : 0.49382  ,  İŞ PORTFÖY BIST 30 ENDEKSİ HİSSE SENEDİ FONU (HİSSE SENEDİ YOĞUN FON)(934) : 0.50618  ,  ;11273.213127457891
2019-10-15;AK PORTFÖY BİST 30 ENDEKSİ HİSSE SENEDİ FONU (HİSSE SENEDİ YOĞUN FON)(539) : 0.99  ,  ;10816.109413287335
2019-10-16;İŞ PORTFÖY BIST 30 ENDEKSİ HİSSE SENEDİ FONU (HİSSE SENEDİ YOĞUN FON)(934) : 1.0  ,  ;10935.576347774357
2019-10-17;MÜKAFAT PORTFÖY KATILIM HİSSE SENEDİ FONU ( HİSSE SENEDİ YOĞUN FON )(843) : 0.22774  ,  İŞ PORTFÖY BIST 30 ENDEKSİ HİSSE SENEDİ FONU (HİSSE SENEDİ YOĞUN FON)(934) : 0.77226  ,  ;10813.781353414784
2019-10-18;DENİZ PORTFÖY KISALI VADELİ BORÇLANMA ARAÇLARI FONU(577) : 0.98  ,  ;10882.187716162285
2019-10-21;AK PORTFÖY BİST 30 ENDEKSİ HİSSE SENEDİ FONU (HİSSE SENEDİ YOĞUN FON)(539) : 0.15216  ,  HSBC PORTFÖY ALTIN FONU(719) : 0.53212  ,  MÜKAFAT PORTFÖY KATILIM HİSSE SENEDİ FONU ( HİSSE SENEDİ YOĞUN FON )(843) : 0.31572  ,  ;10897.752536491847
2019-10-22;OYAK PORTFÖY BİRİNCİ HİSSE SENEDİ FONU (HİSSE SENEDİ YOĞUN FON)(853) : 0.4338  ,  İŞ PORTFÖY BIST 30 ENDEKSİ HİSSE SENEDİ FONU (HİSSE SENEDİ YOĞUN FON)(934) : 0.50972  ,  YAPI KREDİ PORTFÖY BİRİNCİ HİSSE SENEDİ FONU (HİSSE SENEDİ YOĞUN FON)(997) : 0.05648  ,  ;10941.391160607842
2019-10-23;MÜKAFAT PORTFÖY KATILIM HİSSE SENEDİ FONU ( HİSSE SENEDİ YOĞUN FON )(843) : 0.34288  ,  İŞ PORTFÖY BIST 30 ENDEKSİ HİSSE SENEDİ FONU (HİSSE SENEDİ YOĞUN FON)(934) : 0.60401  ,  TEB PORTFÖY HİSSE SENEDİ FONU (HİSSE SENEDİ YOĞUN FON)(969) : 0.05311  ,  ;10996.24907057313
2019-10-24;AK PORTFÖY AVRUPA YABANCI HİSSE SENEDİ FONU(520) : 0.20896  ,  İŞ PORTFÖY ELEKTRİKLİ ARAÇLAR KARMA FON(797) : 0.31781  ,  MÜKAFAT PORTFÖY KATILIM HİSSE SENEDİ FONU ( HİSSE SENEDİ YOĞUN FON )(843) : 0.0571  ,  ZİRAAT PORTFÖY ALTIN KATILIM FONU(919) : 0.16967  ,  ACTUS PORTFÖY HİSSE SENEDİ FONU (HİSSE SENEDİ YOĞUN FON)(504) : 0.24645  ,  ;11176.923340539433
2019-10-25;GARANTİ PORTFÖY HİSSE SENEDİ FONU (HİSSE SENEDİ YOĞUN FON)(686) : 0.56181  ,  OYAK PORTFÖY BİRİNCİ HİSSE SENEDİ FONU (HİSSE SENEDİ YOĞUN FON)(853) : 0.43819  ,  ;11260.972201233764
2019-10-28;QİNVEST PORTFÖY HİSSE SENEDİ FONU (HİSSE YOĞUN FON)(621) : 0.16762  ,  GARANTİ PORTFÖY HİSSE SENEDİ FONU (HİSSE SENEDİ YOĞUN FON)(686) : 0.3763  ,  MÜKAFAT PORTFÖY KATILIM HİSSE SENEDİ FONU ( HİSSE SENEDİ YOĞUN FON )(843) : 0.10375  ,  OYAK PORTFÖY BİRİNCİ HİSSE SENEDİ FONU (HİSSE SENEDİ YOĞUN FON)(853) : 0.2598  ,  TEB PORTFÖY HİSSE SENEDİ FONU (HİSSE SENEDİ YOĞUN FON)(969) : 0.09253  ,  ;11251.572058112184
2019-10-30;ALBARAKA PORTFÖY KATILIM HİSSE SENEDİ FONU (HİSSE SENEDİ YOĞUN FON)(894) : 0.22498  ,  ZİRAAT PORTFÖY KATILIM ENDEKSİ HİSSE SENEDİ FONU (HİSSE SENEDİ YOĞUN FON)(1021) : 0.77502  ,  ;11218.745583005148
2019-10-31;HSBC PORTFÖY ALTIN FONU(719) : 0.5578  ,  MÜKAFAT PORTFÖY KATILIM HİSSE SENEDİ FONU ( HİSSE SENEDİ YOĞUN FON )(843) : 0.4422  ,  ;11173.320670091565
2019-11-01;ICBC TURKEY PORTFÖY ALTIN FONU(761) : 0.08189  ,  ZİRAAT PORTFÖY ALTIN KATILIM FONU(919) : 0.76922  ,  İŞ PORTFÖY BIST 30 ENDEKSİ HİSSE SENEDİ FONU (HİSSE SENEDİ YOĞUN FON)(934) : 0.14889  ,  ;11202.986547421697
2019-11-04;ICBC TURKEY PORTFÖY ALTIN FONU(761) : 0.64705  ,  İŞ PORTFÖY BIST 30 ENDEKSİ HİSSE SENEDİ FONU (HİSSE SENEDİ YOĞUN FON)(934) : 0.35295  ,  ;11259.151875576357
2019-11-05;DENİZ PORTFÖY ALTIN FONU(573) : 0.73021  ,  MÜKAFAT PORTFÖY KATILIM HİSSE SENEDİ FONU ( HİSSE SENEDİ YOĞUN FON )(843) : 0.26979  ,  ;11239.857610455112
2019-11-06;İŞ PORTFÖY ELEKTRİKLİ ARAÇLAR KARMA FON(797) : 0.64089  ,  MÜKAFAT PORTFÖY KATILIM HİSSE SENEDİ FONU ( HİSSE SENEDİ YOĞUN FON )(843) : 0.13685  ,  İŞ PORTFÖY BIST 30 ENDEKSİ HİSSE SENEDİ FONU (HİSSE SENEDİ YOĞUN FON)(934) : 0.22226  ,  ;11269.370937719668
2019-11-07;İŞ PORTFÖY ELEKTRİKLİ ARAÇLAR KARMA FON(797) : 0.37  ,  İŞ PORTFÖY BIST 30 ENDEKSİ HİSSE SENEDİ FONU (HİSSE SENEDİ YOĞUN FON)(934) : 0.61  ,  ;11274.3521694736
2019-11-08;İŞ PORTFÖY ELEKTRİKLİ ARAÇLAR KARMA FON(797) : 0.43348  ,  MÜKAFAT PORTFÖY KATILIM HİSSE SENEDİ FONU ( HİSSE SENEDİ YOĞUN FON )(843) : 0.04606  ,  İŞ PORTFÖY BIST 30 ENDEKSİ HİSSE SENEDİ FONU (HİSSE SENEDİ YOĞUN FON)(934) : 0.06466  ,  İŞ PORTFÖY YABANCI HİSSE SENEDİ FONU(949) : 0.4558  ,  ;11454.741268529986
2019-11-11;İŞ PORTFÖY BIST 30 ENDEKSİ HİSSE SENEDİ FONU (HİSSE SENEDİ YOĞUN FON)(934) : 0.86  ,  İŞ PORTFÖY YABANCI HİSSE SENEDİ FONU(949) : 0.12  ,  ;11434.065656209055
2019-11-12;GARANTİ PORTFÖY HİSSE SENEDİ FONU (HİSSE SENEDİ YOĞUN FON)(686) : 0.18025  ,  OYAK PORTFÖY BİRİNCİ HİSSE SENEDİ FONU (HİSSE SENEDİ YOĞUN FON)(853) : 0.78922  ,  YAPI KREDİ PORTFÖY BIST 30 ENDEKSİ HİSSE SENEDİ FONU (HİSSE SENEDİ YOĞUN FON)(995) : 0.03053  ,  ;11418.359464392997
2019-11-13;DENİZ PORTFÖY KISALI VADELİ BORÇLANMA ARAÇLARI FONU(577) : 1.0  ,  ;11519.792495924208
2019-11-14;GARANTİ PORTFÖY HİSSE SENEDİ FONU (HİSSE SENEDİ YOĞUN FON)(686) : 0.91815  ,  İŞ PORTFÖY ELEKTRİKLİ ARAÇLAR KARMA FON(797) : 0.08185  ,  ;11523.231116546107
2019-11-15;GARANTİ PORTFÖY HİSSE SENEDİ FONU (HİSSE SENEDİ YOĞUN FON)(686) : 0.39481  ,  OYAK PORTFÖY BİRİNCİ HİSSE SENEDİ FONU (HİSSE SENEDİ YOĞUN FON)(853) : 0.29067  ,  YAPI KREDİ PORTFÖY BIST 30 ENDEKSİ HİSSE SENEDİ FONU (HİSSE SENEDİ YOĞUN FON)(995) : 0.31452  ,  ;11447.126218096928
2019-11-18;GARANTİ PORTFÖY HİSSE SENEDİ FONU (HİSSE SENEDİ YOĞUN FON)(686) : 0.52106  ,  AZİMUT PYŞ BİRİNCİ HİSSE SENEDİ FONU (HİSSE SENEDİ YOĞUN FON)(692) : 0.47894  ,  ;11617.028823011635
2019-11-19;DENİZ PORTFÖY KISALI VADELİ BORÇLANMA ARAÇLARI FONU(577) : 1.0  ,  ;11764.938443723624
2019-11-20;GARANTİ PORTFÖY HİSSE SENEDİ FONU (HİSSE SENEDİ YOĞUN FON)(686) : 0.67481  ,  OYAK PORTFÖY BİRİNCİ HİSSE SENEDİ FONU (HİSSE SENEDİ YOĞUN FON)(853) : 0.32519  ,  ;11767.880052783781
2019-11-21;GARANTİ PORTFÖY HİSSE SENEDİ FONU (HİSSE SENEDİ YOĞUN FON)(686) : 0.50979  ,  AZİMUT PYŞ BİRİNCİ HİSSE SENEDİ FONU (HİSSE SENEDİ YOĞUN FON)(692) : 0.22009  ,  OYAK PORTFÖY BİRİNCİ HİSSE SENEDİ FONU (HİSSE SENEDİ YOĞUN FON)(853) : 0.27012  ,  ;11705.353531723358
2019-11-22;AZİMUT PYŞ BİRİNCİ HİSSE SENEDİ FONU (HİSSE SENEDİ YOĞUN FON)(692) : 0.60783  ,  İSTANBUL PORTFÖY İKİNCİ DEĞİŞKEN FON(505) : 0.39217  ,  ;11696.892675487905
2019-11-25;İŞ PORTFÖY ELEKTRİKLİ ARAÇLAR KARMA FON(797) : 0.11982  ,  İŞ PORTFÖY YABANCI HİSSE SENEDİ FONU(949) : 0.88018  ,  ;11666.808069339339
2019-11-26;AK PORTFÖY AVRUPA YABANCI HİSSE SENEDİ FONU(520) : 0.06276  ,  HSBC PORTFÖY ALTIN FONU(719) : 0.59976  ,  İŞ PORTFÖY YABANCI HİSSE SENEDİ FONU(949) : 0.33747  ,  ;11755.280918593253
2019-11-27;DENİZ PORTFÖY KISALI VADELİ BORÇLANMA ARAÇLARI FONU(577) : 0.99  ,  ;11796.167349638858
2019-11-28;İŞ PORTFÖY BIST 30 ENDEKSİ HİSSE SENEDİ FONU (HİSSE SENEDİ YOĞUN FON)(934) : 1.0  ,  ;11799.071711070503
2019-11-29;İŞ PORTFÖY ELEKTRİKLİ ARAÇLAR KARMA FON(797) : 0.83594  ,  MÜKAFAT PORTFÖY KATILIM HİSSE SENEDİ FONU ( HİSSE SENEDİ YOĞUN FON )(843) : 0.04215  ,  İŞ PORTFÖY YABANCI HİSSE SENEDİ FONU(949) : 0.12191  ,  ;11908.958005662986
2019-12-02;DENİZ PORTFÖY KISALI VADELİ BORÇLANMA ARAÇLARI FONU(577) : 0.98  ,  ;11849.241174924558
2019-12-03;MÜKAFAT PORTFÖY KATILIM HİSSE SENEDİ FONU ( HİSSE SENEDİ YOĞUN FON )(843) : 0.1118  ,  İSTANBUL PORTFÖY İKİNCİ DEĞİŞKEN FON(505) : 0.8882  ,  ;11852.59013020673
2019-12-04;AK PORTFÖY ALTIN FONU(517) : 0.51357  ,  MÜKAFAT PORTFÖY KATILIM HİSSE SENEDİ FONU ( HİSSE SENEDİ YOĞUN FON )(843) : 0.48643  ,  ;11799.916786490947
2019-12-05;MÜKAFAT PORTFÖY KATILIM HİSSE SENEDİ FONU ( HİSSE SENEDİ YOĞUN FON )(843) : 0.59159  ,  ZİRAAT PORTFÖY ALTIN KATILIM FONU(919) : 0.40841  ,  ;11993.2425478391
2019-12-06;DENİZ PORTFÖY KISALI VADELİ BORÇLANMA ARAÇLARI FONU(577) : 0.8  ,  ZİRAAT PORTFÖY ALTIN KATILIM FONU(919) : 0.19  ,  ;12160.34981332812
2019-12-09;İŞ PORTFÖY ELEKTRİKLİ ARAÇLAR KARMA FON(797) : 0.04231  ,  ZİRAAT PORTFÖY ALTIN KATILIM FONU(919) : 0.61633  ,  ZİRAAT PORTFÖY KATILIM ENDEKSİ HİSSE SENEDİ FONU (HİSSE SENEDİ YOĞUN FON)(1021) : 0.34136  ,  ;12164.6157042296
2019-12-10;İŞ PORTFÖY ELEKTRİKLİ ARAÇLAR KARMA FON(797) : 0.34344  ,  MÜKAFAT PORTFÖY KATILIM HİSSE SENEDİ FONU ( HİSSE SENEDİ YOĞUN FON )(843) : 0.50648  ,  İSTANBUL PORTFÖY İKİNCİ DEĞİŞKEN FON(505) : 0.15008  ,  ;12175.88453043767
2019-12-11;AK PORTFÖY AVRUPA YABANCI HİSSE SENEDİ FONU(520) : 0.11624  ,  İŞ PORTFÖY ELEKTRİKLİ ARAÇLAR KARMA FON(797) : 0.37441  ,  MÜKAFAT PORTFÖY KATILIM HİSSE SENEDİ FONU ( HİSSE SENEDİ YOĞUN FON )(843) : 0.12398  ,  İŞ PORTFÖY YABANCI HİSSE SENEDİ FONU(949) : 0.38537  ,  ;12145.264412419594
2019-12-12;İŞ PORTFÖY ELEKTRİKLİ ARAÇLAR KARMA FON(797) : 0.0592  ,  MÜKAFAT PORTFÖY KATILIM HİSSE SENEDİ FONU ( HİSSE SENEDİ YOĞUN FON )(843) : 0.07587  ,  ZİRAAT PORTFÖY ALTIN KATILIM FONU(919) : 0.19791  ,  İŞ PORTFÖY YABANCI HİSSE SENEDİ FONU(949) : 0.66702  ,  ;12177.96498146258
2019-12-13;AK PORTFÖY AVRUPA YABANCI HİSSE SENEDİ FONU(520) : 0.05  ,  ZİRAAT PORTFÖY ALTIN KATILIM FONU(919) : 0.93  ,  ;12226.067821232242
2019-12-16;İŞ PORTFÖY ELEKTRİKLİ ARAÇLAR KARMA FON(797) : 1.0  ,  ;12165.423988121402
2019-12-17;İŞ PORTFÖY ELEKTRİKLİ ARAÇLAR KARMA FON(797) : 0.32023  ,  İŞ PORTFÖY YABANCI HİSSE SENEDİ FONU(949) : 0.37061  ,  YAPI KREDİ PORTFÖY BIST 30 ENDEKSİ HİSSE SENEDİ FONU (HİSSE SENEDİ YOĞUN FON)(995) : 0.30916  ,  ;12222.763359276561
2019-12-18;İŞ PORTFÖY YABANCI HİSSE SENEDİ FONU(949) : 0.97  ,  ;12263.196042306408
2019-12-19;DENİZ PORTFÖY ALTIN FONU(573) : 0.24526  ,  ZİRAAT PORTFÖY ALTIN KATILIM FONU(919) : 0.49081  ,  İŞ PORTFÖY YABANCI HİSSE SENEDİ FONU(949) : 0.12396  ,  TEB PORTFÖY ALTIN FONU(967) : 0.13997  ,  ;12355.487396936014
2019-12-20;İŞ PORTFÖY YABANCI HİSSE SENEDİ FONU(949) : 0.98  ,  ;12360.68676424295
2019-12-23;ZİRAAT PORTFÖY ALTIN KATILIM FONU(919) : 0.7  ,  İŞ PORTFÖY YABANCI HİSSE SENEDİ FONU(949) : 0.29  ,  ;12423.495838930688
2019-12-24;İŞ PORTFÖY ELEKTRİKLİ ARAÇLAR KARMA FON(797) : 0.16093  ,  ZİRAAT PORTFÖY ALTIN KATILIM FONU(919) : 0.57968  ,  İŞ PORTFÖY YABANCI HİSSE SENEDİ FONU(949) : 0.2594  ,  ;12412.031201178761
2019-12-25;DENİZ PORTFÖY ALTIN FONU(573) : 0.72403  ,  İŞ PORTFÖY BIST 30 ENDEKSİ HİSSE SENEDİ FONU (HİSSE SENEDİ YOĞUN FON)(934) : 0.12113  ,  İŞ PORTFÖY YABANCI HİSSE SENEDİ FONU(949) : 0.03203  ,  TEB PORTFÖY ALTIN FONU(967) : 0.12281  ,  ;12446.957291682042
2019-12-26;GARANTİ PORTFÖY HİSSE SENEDİ FONU (HİSSE SENEDİ YOĞUN FON)(686) : 0.03416  ,  İŞ PORTFÖY ELEKTRİKLİ ARAÇLAR KARMA FON(797) : 0.1621  ,  İŞ PORTFÖY BIST 30 ENDEKSİ HİSSE SENEDİ FONU (HİSSE SENEDİ YOĞUN FON)(934) : 0.80374  ,  ;12381.39952694408
2019-12-27;GARANTİ PORTFÖY HİSSE SENEDİ FONU (HİSSE SENEDİ YOĞUN FON)(686) : 0.56709  ,  ZİRAAT PORTFÖY ALTIN KATILIM FONU(919) : 0.30132  ,  TEB PORTFÖY ALTIN FONU(967) : 0.13159  ,  ;12407.029742230396
2019-12-30;GARANTİ PORTFÖY HİSSE SENEDİ FONU (HİSSE SENEDİ YOĞUN FON)(686) : 0.37961  ,  İŞ PORTFÖY ELEKTRİKLİ ARAÇLAR KARMA FON(797) : 0.21749  ,  İSTANBUL PORTFÖY İKİNCİ DEĞİŞKEN FON(505) : 0.4029  ,  ;12411.17691784003
2019-12-31;GARANTİ PORTFÖY HİSSE SENEDİ FONU (HİSSE SENEDİ YOĞUN FON)(686) : 0.05245  ,  ZİRAAT PORTFÖY ALTIN KATILIM FONU(919) : 0.79015  ,  TEB PORTFÖY ALTIN FONU(967) : 0.15741  ,  ;12485.707902732292
2020-01-02;DENİZ PORTFÖY ALTIN FONU(573) : 0.48  ,  TEB PORTFÖY ALTIN FONU(967) : 0.37  ,  ZİRAAT PORTFÖY KATILIM ENDEKSİ HİSSE SENEDİ FONU (HİSSE SENEDİ YOĞUN FON)(1021) : 0.14  ,  ;12496.584756176137
2020-01-03;GARANTİ PORTFÖY HİSSE SENEDİ FONU (HİSSE SENEDİ YOĞUN FON)(686) : 0.17121  ,  ZİRAAT PORTFÖY ALTIN KATILIM FONU(919) : 0.82879  ,  ;12572.929754308392
2020-01-06;AZİMUT PYŞ BİRİNCİ HİSSE SENEDİ FONU (HİSSE SENEDİ YOĞUN FON)(692) : 0.0716  ,  ZİRAAT PORTFÖY ALTIN KATILIM FONU(919) : 0.86122  ,  İSTANBUL PORTFÖY İKİNCİ DEĞİŞKEN FON(505) : 0.06718  ,  ;12640.635862388412
2020-01-07;ZİRAAT PORTFÖY ALTIN KATILIM FONU(919) : 0.58218  ,  TEB PORTFÖY ALTIN FONU(967) : 0.41782  ,  ;12796.586495105283
2020-01-08;YAPI KREDİ PORTFÖY BIST 30 ENDEKSİ HİSSE SENEDİ FONU (HİSSE SENEDİ YOĞUN FON)(995) : 1.0  ,  ;12768.553440424603
2020-01-09;ICBC TURKEY PORTFÖY ALTIN FONU(761) : 0.67909  ,  ZİRAAT PORTFÖY ALTIN KATILIM FONU(919) : 0.05416  ,  TEB PORTFÖY ALTIN FONU(967) : 0.26675  ,  ;12813.73016112617
2020-01-10;İŞ PORTFÖY BIST 30 ENDEKSİ HİSSE SENEDİ FONU (HİSSE SENEDİ YOĞUN FON)(934) : 1.0  ,  ;12470.220677744777
2020-01-13;YAPI KREDİ PORTFÖY BIST 30 ENDEKSİ HİSSE SENEDİ FONU (HİSSE SENEDİ YOĞUN FON)(995) : 1.0  ,  ;12526.129955834043
2020-01-14;ICBC TURKEY PORTFÖY ALTIN FONU(761) : 0.63565  ,  ZİRAAT PORTFÖY ALTIN KATILIM FONU(919) : 0.2093  ,  TEB PORTFÖY ALTIN FONU(967) : 0.15505  ,  ;12648.215495332697
2020-01-15;İŞ PORTFÖY BIST 30 ENDEKSİ HİSSE SENEDİ FONU (HİSSE SENEDİ YOĞUN FON)(934) : 1.0  ,  ;12645.623726582342
2020-01-16;ICBC TURKEY PORTFÖY HİSSE SENEDİ FONU(HİSSE SENEDİ YOĞUN FON)(765) : 0.38002  ,  MÜKAFAT PORTFÖY KATILIM HİSSE SENEDİ FONU ( HİSSE SENEDİ YOĞUN FON )(843) : 0.04045  ,  İŞ PORTFÖY BIST 30 ENDEKSİ HİSSE SENEDİ FONU (HİSSE SENEDİ YOĞUN FON)(934) : 0.57953  ,  ;12588.640589884586
2020-01-17;AZİMUT PYŞ BİRİNCİ HİSSE SENEDİ FONU (HİSSE SENEDİ YOĞUN FON)(692) : 0.42529  ,  İŞ PORTFÖY ELEKTRİKLİ ARAÇLAR KARMA FON(797) : 0.08765  ,  ZİRAAT PORTFÖY KATILIM ENDEKSİ HİSSE SENEDİ FONU (HİSSE SENEDİ YOĞUN FON)(1021) : 0.48707  ,  ;12605.900161051839
2020-01-20;AZİMUT PYŞ BİRİNCİ HİSSE SENEDİ FONU (HİSSE SENEDİ YOĞUN FON)(692) : 0.81894  ,  ZİRAAT PORTFÖY ALTIN KATILIM FONU(919) : 0.05053  ,  ZİRAAT PORTFÖY KATILIM ENDEKSİ HİSSE SENEDİ FONU (HİSSE SENEDİ YOĞUN FON)(1021) : 0.13053  ,  ;12663.46693007029
2020-01-21;GARANTİ PORTFÖY HİSSE SENEDİ FONU (HİSSE SENEDİ YOĞUN FON)(686) : 0.32485  ,  AZİMUT PYŞ BİRİNCİ HİSSE SENEDİ FONU (HİSSE SENEDİ YOĞUN FON)(692) : 0.28906  ,  OYAK PORTFÖY BİRİNCİ HİSSE SENEDİ FONU (HİSSE SENEDİ YOĞUN FON)(853) : 0.38609  ,  ;12790.148582983655
2020-01-22;GARANTİ PORTFÖY HİSSE SENEDİ FONU (HİSSE SENEDİ YOĞUN FON)(686) : 0.69368  ,  İŞ PORTFÖY ELEKTRİKLİ ARAÇLAR KARMA FON(797) : 0.25226  ,  TEB PORTFÖY ALTIN FONU(967) : 0.05406  ,  ;12871.54883684031
2020-01-23;GARANTİ PORTFÖY HİSSE SENEDİ FONU (HİSSE SENEDİ YOĞUN FON)(686) : 0.08912  ,  ZİRAAT PORTFÖY ALTIN KATILIM FONU(919) : 0.52628  ,  TEB PORTFÖY ALTIN FONU(967) : 0.3846  ,  ;12837.998933774163
2020-01-24;AZİMUT PYŞ BİRİNCİ HİSSE SENEDİ FONU (HİSSE SENEDİ YOĞUN FON)(692) : 0.42318  ,  İŞ PORTFÖY ELEKTRİKLİ ARAÇLAR KARMA FON(797) : 0.06315  ,  ZİRAAT PORTFÖY ALTIN KATILIM FONU(919) : 0.14682  ,  ZİRAAT PORTFÖY KATILIM ENDEKSİ HİSSE SENEDİ FONU (HİSSE SENEDİ YOĞUN FON)(1021) : 0.36685  ,  ;12749.08468616066
2020-01-27;ICBC TURKEY PORTFÖY ALTIN FONU(761) : 0.90458  ,  TEB PORTFÖY ALTIN FONU(967) : 0.09542  ,  ;12804.804000451679
2020-01-28;DENİZ PORTFÖY ALTIN FONU(573) : 0.47086  ,  İŞ PORTFÖY YABANCI HİSSE SENEDİ FONU(949) : 0.52914  ,  ;12874.196994638538
2020-01-29;AK PORTFÖY ALTIN FONU(517) : 0.14  ,  HSBC PORTFÖY ALTIN FONU(719) : 0.79  ,  TEB PORTFÖY ALTIN FONU(967) : 0.07  ,  ;12917.161323548393
2020-01-30;DENİZ PORTFÖY KISALI VADELİ BORÇLANMA ARAÇLARI FONU(577) : 0.97  ,  ;12872.76017393605
2020-01-31;DENİZ PORTFÖY KISALI VADELİ BORÇLANMA ARAÇLARI FONU(577) : 0.98  ,  ;12872.76017393605
2020-02-03;DENİZ PORTFÖY KISALI VADELİ BORÇLANMA ARAÇLARI FONU(577) : 0.99  ,  ;12880.28236151101
2020-02-04;DENİZ PORTFÖY KISALI VADELİ BORÇLANMA ARAÇLARI FONU(577) : 0.98  ,  ;12880.756931282353
2020-02-05;DENİZ PORTFÖY KISALI VADELİ BORÇLANMA ARAÇLARI FONU(577) : 0.99  ,  ;12883.105699377455
2020-02-06;DENİZ PORTFÖY KISALI VADELİ BORÇLANMA ARAÇLARI FONU(577) : 1.0  ,  ;12885.003432640502
2020-02-07;DENİZ PORTFÖY KISALI VADELİ BORÇLANMA ARAÇLARI FONU(577) : 0.98  ,  ;12886.919967545395
2020-02-10;HSBC PORTFÖY ALTIN FONU(719) : 1.0  ,  ;12892.553500479526
2020-02-11;AK PORTFÖY AVRUPA YABANCI HİSSE SENEDİ FONU(520) : 0.06017  ,  HSBC PORTFÖY ALTIN FONU(719) : 0.87475  ,  MÜKAFAT PORTFÖY KATILIM HİSSE SENEDİ FONU ( HİSSE SENEDİ YOĞUN FON )(843) : 0.03258  ,  İŞ PORTFÖY YABANCI HİSSE SENEDİ FONU(949) : 0.0325  ,  ;12953.355650676227
2020-02-12;AK PORTFÖY AVRUPA YABANCI HİSSE SENEDİ FONU(520) : 0.14439  ,  HSBC PORTFÖY ALTIN FONU(719) : 0.81318  ,  MÜKAFAT PORTFÖY KATILIM HİSSE SENEDİ FONU ( HİSSE SENEDİ YOĞUN FON )(843) : 0.04243  ,  ;12996.620261366299
2020-02-13;AK PORTFÖY AVRUPA YABANCI HİSSE SENEDİ FONU(520) : 0.22575  ,  HSBC PORTFÖY ALTIN FONU(719) : 0.77425  ,  ;12997.257997006915
2020-02-14;GARANTİ PORTFÖY HİSSE SENEDİ FONU (HİSSE SENEDİ YOĞUN FON)(686) : 0.1  ,  ZİRAAT PORTFÖY ALTIN KATILIM FONU(919) : 0.6  ,  İŞ PORTFÖY YABANCI HİSSE SENEDİ FONU(949) : 0.05  ,  İSTANBUL PORTFÖY İKİNCİ DEĞİŞKEN FON(505) : 0.23  ,  ;13042.5878761016
2020-02-17;DENİZ PORTFÖY KISALI VADELİ BORÇLANMA ARAÇLARI FONU(577) : 0.99  ,  ;13053.867950214748
2020-02-18;DENİZ PORTFÖY KISALI VADELİ BORÇLANMA ARAÇLARI FONU(577) : 0.98  ,  ;13057.658693525906
2020-02-19;ZİRAAT PORTFÖY ALTIN KATILIM FONU(919) : 1.0  ,  ;13058.596447700347
2020-02-20;ICBC TURKEY PORTFÖY ALTIN FONU(761) : 0.45318  ,  ZİRAAT PORTFÖY ALTIN KATILIM FONU(919) : 0.24637  ,  TEB PORTFÖY ALTIN FONU(967) : 0.30045  ,  ;13138.352210468369
2020-02-21;FİBA PORTFÖY ALTIN FONU(629) : 0.17306  ,  ICBC TURKEY PORTFÖY ALTIN FONU(761) : 0.39225  ,  ZİRAAT PORTFÖY ALTIN KATILIM FONU(919) : 0.16482  ,  TEB PORTFÖY ALTIN FONU(967) : 0.26987  ,  ;13230.991287319968
2020-02-24;AK PORTFÖY ALTIN FONU(517) : 0.34721  ,  DENİZ PORTFÖY ALTIN FONU(573) : 0.32058  ,  HSBC PORTFÖY ALTIN FONU(719) : 0.10445  ,  TEB PORTFÖY ALTIN FONU(967) : 0.22775  ,  ;13359.796177234579
2020-02-25;GARANTİ PORTFÖY ALTIN FONU(712) : 0.19128  ,  ICBC TURKEY PORTFÖY ALTIN FONU(761) : 0.3302  ,  ZİRAAT PORTFÖY ALTIN KATILIM FONU(919) : 0.29042  ,  TEB PORTFÖY ALTIN FONU(967) : 0.1881  ,  ;13686.049951444304
2020-02-26;FİBA PORTFÖY ALTIN FONU(629) : 0.3137  ,  ICBC TURKEY PORTFÖY ALTIN FONU(761) : 0.48941  ,  TEB PORTFÖY ALTIN FONU(967) : 0.19689  ,  ;13462.39274944588
2020-02-27;İŞ PORTFÖY BIST 30 ENDEKSİ HİSSE SENEDİ FONU (HİSSE SENEDİ YOĞUN FON)(934) : 0.29909  ,  İŞ PORTFÖY YABANCI HİSSE SENEDİ FONU(949) : 0.70091  ,  ;13504.111235644297
2020-02-28;DENİZ PORTFÖY ALTIN FONU(573) : 0.65059  ,  ZİRAAT PORTFÖY ALTIN KATILIM FONU(919) : 0.13798  ,  İŞ PORTFÖY BIST 30 ENDEKSİ HİSSE SENEDİ FONU (HİSSE SENEDİ YOĞUN FON)(934) : 0.04297  ,  İŞ PORTFÖY YABANCI HİSSE SENEDİ FONU(949) : 0.16846  ,  ;13269.934320657037
2020-03-02;İŞ PORTFÖY YABANCI HİSSE SENEDİ FONU(949) : 0.89918  ,  YAPI KREDİ PORTFÖY BIST 30 ENDEKSİ HİSSE SENEDİ FONU (HİSSE SENEDİ YOĞUN FON)(995) : 0.10082  ,  ;13169.99331871463
2020-03-03;İŞ PORTFÖY BIST 30 ENDEKSİ HİSSE SENEDİ FONU (HİSSE SENEDİ YOĞUN FON)(934) : 0.45127  ,  İŞ PORTFÖY YABANCI HİSSE SENEDİ FONU(949) : 0.54873  ,  ;13414.493587688292
2020-03-04;İŞ PORTFÖY BIST 30 ENDEKSİ HİSSE SENEDİ FONU (HİSSE SENEDİ YOĞUN FON)(934) : 0.28  ,  İŞ PORTFÖY YABANCI HİSSE SENEDİ FONU(949) : 0.7  ,  ;13748.726978670742
2020-03-05;FİBA PORTFÖY ALTIN FONU(629) : 0.85536  ,  TEB PORTFÖY ALTIN FONU(967) : 0.14464  ,  ;13581.652407929805
2020-03-06;YAPI KREDİ PORTFÖY BIST 30 ENDEKSİ HİSSE SENEDİ FONU (HİSSE SENEDİ YOĞUN FON)(995) : 1.0  ,  ;13481.172114434085
2020-03-09;İŞ PORTFÖY YABANCI HİSSE SENEDİ FONU(949) : 1.0  ,  ;13285.068605886529
2020-03-10;AK PORTFÖY AVRUPA YABANCI HİSSE SENEDİ FONU(520) : 0.37776  ,  İŞ PORTFÖY YABANCI HİSSE SENEDİ FONU(949) : 0.62224  ,  ;12755.591185803507
2020-03-11;AK PORTFÖY AVRUPA YABANCI HİSSE SENEDİ FONU(520) : 0.40546  ,  İŞ PORTFÖY ELEKTRİKLİ ARAÇLAR KARMA FON(797) : 0.04296  ,  İŞ PORTFÖY YABANCI HİSSE SENEDİ FONU(949) : 0.38767  ,  YAPI KREDİ PORTFÖY BIST 30 ENDEKSİ HİSSE SENEDİ FONU (HİSSE SENEDİ YOĞUN FON)(995) : 0.16391  ,  ;12754.870679668596
2020-03-12;AK PORTFÖY AVRUPA YABANCI HİSSE SENEDİ FONU(520) : 0.52919  ,  İŞ PORTFÖY ELEKTRİKLİ ARAÇLAR KARMA FON(797) : 0.14639  ,  İŞ PORTFÖY BIST 30 ENDEKSİ HİSSE SENEDİ FONU (HİSSE SENEDİ YOĞUN FON)(934) : 0.03381  ,  İŞ PORTFÖY YABANCI HİSSE SENEDİ FONU(949) : 0.29061  ,  ;12721.709813683741
2020-03-13;AK PORTFÖY AVRUPA YABANCI HİSSE SENEDİ FONU(520) : 0.96644  ,  İŞ PORTFÖY BIST 30 ENDEKSİ HİSSE SENEDİ FONU (HİSSE SENEDİ YOĞUN FON)(934) : 0.03356  ,  ;12093.799807156422
2020-03-16;AK PORTFÖY AVRUPA YABANCI HİSSE SENEDİ FONU(520) : 0.8613  ,  İŞ PORTFÖY ELEKTRİKLİ ARAÇLAR KARMA FON(797) : 0.1387  ,  ;12215.220724308829
2020-03-17;AK PORTFÖY AVRUPA YABANCI HİSSE SENEDİ FONU(520) : 0.7727  ,  İŞ PORTFÖY ELEKTRİKLİ ARAÇLAR KARMA FON(797) : 0.11295  ,  İŞ PORTFÖY BIST 30 ENDEKSİ HİSSE SENEDİ FONU (HİSSE SENEDİ YOĞUN FON)(934) : 0.11435  ,  ;11918.778117187565
2020-03-18;AK PORTFÖY AVRUPA YABANCI HİSSE SENEDİ FONU(520) : 0.21722  ,  DENİZ PORTFÖY ALTIN FONU(573) : 0.03243  ,  İŞ PORTFÖY ELEKTRİKLİ ARAÇLAR KARMA FON(797) : 0.53341  ,  İŞ PORTFÖY YABANCI HİSSE SENEDİ FONU(949) : 0.08455  ,  TEB PORTFÖY ALTIN FONU(967) : 0.1324  ,  ;12241.68043399383
2020-03-19;İŞ PORTFÖY ELEKTRİKLİ ARAÇLAR KARMA FON(797) : 0.45361  ,  İŞ PORTFÖY BIST 30 ENDEKSİ HİSSE SENEDİ FONU (HİSSE SENEDİ YOĞUN FON)(934) : 0.54639  ,  ;12070.398033260482
2020-03-20;İŞ PORTFÖY ELEKTRİKLİ ARAÇLAR KARMA FON(797) : 0.25535  ,  İŞ PORTFÖY BIST 30 ENDEKSİ HİSSE SENEDİ FONU (HİSSE SENEDİ YOĞUN FON)(934) : 0.74465  ,  ;11901.716935277735
2020-03-23;İŞ PORTFÖY ELEKTRİKLİ ARAÇLAR KARMA FON(797) : 0.08898  ,  İŞ PORTFÖY BIST 30 ENDEKSİ HİSSE SENEDİ FONU (HİSSE SENEDİ YOĞUN FON)(934) : 0.91102  ,  ;12031.605094006238
2020-03-24;İŞ PORTFÖY BIST 30 ENDEKSİ HİSSE SENEDİ FONU (HİSSE SENEDİ YOĞUN FON)(934) : 1.0  ,  ;11829.799470648803
2020-03-25;İŞ PORTFÖY BIST 30 ENDEKSİ HİSSE SENEDİ FONU (HİSSE SENEDİ YOĞUN FON)(934) : 1.0  ,  ;12374.317823834368
2020-03-26;QİNVEST PORTFÖY HİSSE SENEDİ FONU (HİSSE YOĞUN FON)(621) : 0.11  ,  İŞ PORTFÖY ELEKTRİKLİ ARAÇLAR KARMA FON(797) : 0.18  ,  ÜNLÜ PORTFÖY HİSSE SENEDİ FONU(HİSSE SENEDİ YOĞUN FON)(977) : 0.42  ,  YAPI KREDİ PORTFÖY BİRİNCİ HİSSE SENEDİ FONU (HİSSE SENEDİ YOĞUN FON)(997) : 0.28  ,  ;12334.917216059035
2020-03-27;DENİZ PORTFÖY ALTIN FONU(573) : 0.05449  ,  İŞ PORTFÖY BIST 30 ENDEKSİ HİSSE SENEDİ FONU (HİSSE SENEDİ YOĞUN FON)(934) : 0.90961  ,  TEB PORTFÖY ALTIN FONU(967) : 0.0359  ,  ;12614.124259337397
2020-03-30;AK PORTFÖY AVRUPA YABANCI HİSSE SENEDİ FONU(520) : 0.13943  ,  FİBA PORTFÖY ALTIN FONU(629) : 0.4247  ,  İŞ PORTFÖY ELEKTRİKLİ ARAÇLAR KARMA FON(797) : 0.3296  ,  TEB PORTFÖY ALTIN FONU(967) : 0.10627  ,  ;12295.162380546908
2020-03-31;AK PORTFÖY AVRUPA YABANCI HİSSE SENEDİ FONU(520) : 0.82852  ,  İŞ PORTFÖY BIST 30 ENDEKSİ HİSSE SENEDİ FONU (HİSSE SENEDİ YOĞUN FON)(934) : 0.17148  ,  ;12421.9689251031
2020-04-01;İŞ PORTFÖY BIST 30 ENDEKSİ HİSSE SENEDİ FONU (HİSSE SENEDİ YOĞUN FON)(934) : 0.17225  ,  YAPI KREDİ PORTFÖY BIST 30 ENDEKSİ HİSSE SENEDİ FONU (HİSSE SENEDİ YOĞUN FON)(995) : 0.82775  ,  ;12528.300385667493
2020-04-02;AK PORTFÖY AVRUPA YABANCI HİSSE SENEDİ FONU(520) : 0.59432  ,  İŞ PORTFÖY YABANCI HİSSE SENEDİ FONU(949) : 0.40568  ,  ;12488.361828778761
2020-04-03;AK PORTFÖY AVRUPA YABANCI HİSSE SENEDİ FONU(520) : 0.66584  ,  İŞ PORTFÖY YABANCI HİSSE SENEDİ FONU(949) : 0.33416  ,  ;12538.182745192364
2020-04-06;AK PORTFÖY AVRUPA YABANCI HİSSE SENEDİ FONU(520) : 0.53115  ,  ZİRAAT PORTFÖY ALTIN KATILIM FONU(919) : 0.35159  ,  İŞ PORTFÖY YABANCI HİSSE SENEDİ FONU(949) : 0.11726  ,  ;12509.959734774815
2020-04-07;AK PORTFÖY AVRUPA YABANCI HİSSE SENEDİ FONU(520) : 0.35072  ,  ZİRAAT PORTFÖY ALTIN KATILIM FONU(919) : 0.25314  ,  İŞ PORTFÖY YABANCI HİSSE SENEDİ FONU(949) : 0.32389  ,  TEB PORTFÖY ALTIN FONU(967) : 0.07224  ,  ;12847.91859356059
2020-04-08;İŞ PORTFÖY YABANCI HİSSE SENEDİ FONU(949) : 1.0  ,  ;13046.358456218264
2020-04-09;İŞ PORTFÖY ELEKTRİKLİ ARAÇLAR KARMA FON(797) : 0.0646  ,  İŞ PORTFÖY BIST 30 ENDEKSİ HİSSE SENEDİ FONU (HİSSE SENEDİ YOĞUN FON)(934) : 0.21952  ,  İŞ PORTFÖY YABANCI HİSSE SENEDİ FONU(949) : 0.71588  ,  ;12921.00567243349
2020-04-10;İŞ PORTFÖY ELEKTRİKLİ ARAÇLAR KARMA FON(797) : 0.17416  ,  İŞ PORTFÖY YABANCI HİSSE SENEDİ FONU(949) : 0.82584  ,  ;13125.632572314855
2020-04-13;İŞ PORTFÖY BIST 30 ENDEKSİ HİSSE SENEDİ FONU (HİSSE SENEDİ YOĞUN FON)(934) : 0.49636  ,  İŞ PORTFÖY YABANCI HİSSE SENEDİ FONU(949) : 0.50364  ,  ;13055.583374696604
2020-04-14;İŞ PORTFÖY BIST 30 ENDEKSİ HİSSE SENEDİ FONU (HİSSE SENEDİ YOĞUN FON)(934) : 0.57  ,  İŞ PORTFÖY YABANCI HİSSE SENEDİ FONU(949) : 0.42  ,  ;13077.479904309093
2020-04-15;AK PORTFÖY AVRUPA YABANCI HİSSE SENEDİ FONU(520) : 0.19741  ,  İŞ PORTFÖY BIST 30 ENDEKSİ HİSSE SENEDİ FONU (HİSSE SENEDİ YOĞUN FON)(934) : 0.2393  ,  İŞ PORTFÖY YABANCI HİSSE SENEDİ FONU(949) : 0.56329  ,  ;13320.380309902424
2020-04-16;AK PORTFÖY AVRUPA YABANCI HİSSE SENEDİ FONU(520) : 0.05  ,  İŞ PORTFÖY YABANCI HİSSE SENEDİ FONU(949) : 0.93  ,  ;13223.779092660112
2020-04-17;İŞ PORTFÖY ELEKTRİKLİ ARAÇLAR KARMA FON(797) : 0.29269  ,  İŞ PORTFÖY BIST 30 ENDEKSİ HİSSE SENEDİ FONU (HİSSE SENEDİ YOĞUN FON)(934) : 0.14479  ,  İŞ PORTFÖY YABANCI HİSSE SENEDİ FONU(949) : 0.56253  ,  ;13365.498710166425
